id,name,url,platform,created_at
3783,Cocopan - Quezon Blvd Quiapo,https://food.grab.com/ph/en/restaurant/cocopan-quezon-blvd-quiapo-delivery/2-C6MEGZMTTNUANJ,grabfood,2025-08-11 14:44:51.606903
3784,Cocopan - Old Santa Mesa,https://food.grab.com/ph/en/restaurant/cocopan-old-santa-mesa-delivery/2-C7EUVP2TVRBYVT,grabfood,2025-08-11 14:44:58.410271
3785,Cocopan - Felix Huertas St.,https://food.grab.com/ph/en/restaurant/cocopan-felix-huertas-st--delivery/2-C4E2FAJGTYTCVA,grabfood,2025-08-11 14:45:05.549523
3786,Cocopan - Recto,https://food.grab.com/ph/en/restaurant/cocopan-recto-delivery/2-C6TAT22GNVN2AA,grabfood,2025-08-11 14:45:12.745595
3787,Cocopan - Maypajo,https://food.grab.com/ph/en/restaurant/cocopan-maypajo-delivery/2-C6XKTFWELJ51R6,grabfood,2025-08-11 14:45:20.707412
3788,Cocopan - Altura Santa Mesa,https://food.grab.com/ph/en/restaurant/cocopan-altura-santa-mesa-delivery/2-C7EUVP2UEJ43L6,grabfood,2025-08-11 14:45:28.547382
3789,Cocopan - Buendia 1,https://food.grab.com/ph/en/restaurant/cocopan-buendia-1-delivery/2-C6TATLDTSFMAAE,grabfood,2025-08-11 14:45:35.024659
3790,Cocopan Quiapo,https://www.foodpanda.ph/restaurant/m0sb/cocopan-quiapo,foodpanda,2025-08-11 14:45:57.803332
3791,Cocopan Ever 11Th Avenue,https://www.foodpanda.ph/restaurant/xadn/cocopan-ever-11th-avenue,foodpanda,2025-08-11 14:46:15.843275
3792,Cocopan Pedro Gil,https://www.foodpanda.ph/restaurant/rrb2/cocopan-pedro-gil,foodpanda,2025-08-11 14:46:36.433676
3793,Cocopan Guadalupe,https://www.foodpanda.ph/restaurant/ve7h/cocopan-guadalupe,foodpanda,2025-08-11 14:46:55.513007
3794,Cocopan Signal Taguig,https://www.foodpanda.ph/restaurant/rdct/cocopan-signal-taguig,foodpanda,2025-08-11 14:47:18.956233
3795,Cocopan Ever Caloocan 10Th Avenue,https://www.foodpanda.ph/restaurant/iuxa/cocopan-ever-caloocan-10th-avenue,foodpanda,2025-08-11 14:47:38.606019
3796,Cocopan Concepcion Uno,https://www.foodpanda.ph/restaurant/xp47/cocopan-concepcion-uno,foodpanda,2025-08-11 14:47:58.10834
3797,Cocopan Almeda Pateros,https://www.foodpanda.ph/restaurant/z2cv/cocopan-almeda-pateros,foodpanda,2025-08-11 14:48:20.212222
3798,Cocopan Buendia 1,https://www.foodpanda.ph/restaurant/jrsf/cocopan-buendia-1,foodpanda,2025-08-11 14:48:39.317119
3799,Cocopan Maypajo,https://www.foodpanda.ph/restaurant/g09p/cocopan-maypajo,foodpanda,2025-08-11 14:48:54.24528
3800,Cocopan Gastambide,https://www.foodpanda.ph/restaurant/ilm8/cocopan-gastambide,foodpanda,2025-08-11 14:49:12.626017
